{"10": 0.7452535336766717, "5": 0.7452535336766717}