{
    "accuracy": 0.8489610823134526,
    "loss": 0.3448750762378468
}