{
    "accuracy": 0.8008364339711788,
    "loss": 0.39904405176639557
}